"Date","Open","High","Low","Close","Volume","Symbol"
2017-11-24,175.1,175.5,174.65,174.97,14026673,"AAPL"
2017-11-22,173.36,175,173.05,174.96,25588925,"AAPL"
2017-11-21,170.78,173.7,170.78,173.14,25131295,"AAPL"
2017-11-20,170.29,170.56,169.56,169.98,16262447,"AAPL"
2017-11-17,171.04,171.39,169.64,170.15,21899544,"AAPL"
2017-11-16,171.18,171.87,170.3,171.1,23637484,"AAPL"
2017-11-15,169.97,170.32,168.38,169.08,29158070,"AAPL"
2017-11-14,173.04,173.48,171.18,171.34,24782487,"AAPL"
2017-11-13,173.5,174.5,173.4,173.97,16982080,"AAPL"
2017-11-10,175.11,175.38,174.27,174.67,25145500,"AAPL"
2017-11-09,175.11,176.1,173.14,175.88,29482596,"AAPL"
2017-11-08,174.66,176.24,174.33,176.24,24409527,"AAPL"
2017-11-07,173.91,175.25,173.6,174.81,24361485,"AAPL"
2017-11-06,172.36,174.99,171.72,174.25,35026306,"AAPL"
2017-11-03,174,174.26,171.12,172.5,59398631,"AAPL"
2017-11-02,166.6,168.5,165.28,168.11,41393373,"AAPL"
2017-11-01,169.87,169.94,165.61,166.89,33637762,"AAPL"
2017-10-31,167.9,169.65,166.94,169.04,36046828,"AAPL"
2017-10-30,163.89,168.07,163.72,166.72,44700772,"AAPL"
2017-10-27,159.29,163.6,158.7,163.05,44454160,"AAPL"
2017-10-26,157.23,157.83,156.78,157.41,17000469,"AAPL"
2017-10-25,156.91,157.55,155.27,156.41,21207098,"AAPL"
2017-10-24,156.29,157.42,156.2,157.1,17757230,"AAPL"
2017-10-23,156.89,157.69,155.5,156.17,21984327,"AAPL"
2017-10-20,156.61,157.75,155.96,156.25,23974146,"AAPL"
2017-10-19,156.75,157.08,155.02,155.98,42584166,"AAPL"
2017-10-18,160.42,160.71,159.6,159.76,16374164,"AAPL"
2017-10-17,159.78,160.87,159.23,160.47,18997275,"AAPL"
2017-10-16,157.9,160,157.65,159.88,24121452,"AAPL"
2017-10-13,156.73,157.28,156.41,156.99,16394188,"AAPL"
2017-10-12,156.35,157.37,155.73,156,16125054,"AAPL"
2017-10-11,155.97,156.98,155.75,156.55,16905640,"AAPL"
2017-10-10,156.06,158,155.1,155.9,15617014,"AAPL"
2017-10-09,155.81,156.73,155.48,155.84,16262923,"AAPL"
2017-10-06,154.97,155.49,154.56,155.3,17407558,"AAPL"
2017-10-05,154.18,155.44,154.05,155.39,21283769,"AAPL"
2017-10-04,153.63,153.86,152.46,153.48,20163750,"AAPL"
2017-10-03,154.01,155.09,153.91,154.48,16230293,"AAPL"
2017-10-02,154.26,154.45,152.72,153.81,18698842,"AAPL"
2017-09-29,153.21,154.13,152,154.12,26299810,"AAPL"
2017-09-28,153.89,154.28,152.7,153.28,22005455,"AAPL"
2017-09-27,153.8,154.72,153.54,154.23,25182779,"AAPL"
2017-09-26,151.78,153.92,151.69,153.14,36660045,"AAPL"
2017-09-25,149.99,151.83,149.16,150.55,44387336,"AAPL"
2017-09-22,151.54,152.27,150.56,151.89,46645443,"AAPL"
2017-09-21,155.8,155.8,152.75,153.39,37511661,"AAPL"
2017-09-20,157.9,158.26,153.83,156.07,52951364,"AAPL"
2017-09-19,159.51,159.77,158.44,158.73,20810632,"AAPL"
2017-09-18,160.11,160.5,158,158.67,28269435,"AAPL"
2017-09-15,158.47,160.97,158,159.88,49114602,"AAPL"
2017-09-14,158.99,159.4,158.09,158.28,23760749,"AAPL"
2017-09-13,159.87,159.96,157.91,159.65,44907361,"AAPL"
2017-09-12,162.61,163.96,158.77,160.86,71714046,"AAPL"
2017-09-11,160.5,162.05,159.89,161.5,31580798,"AAPL"
2017-09-08,160.86,161.15,158.53,158.63,28611535,"AAPL"
2017-09-07,162.09,162.24,160.36,161.26,21928502,"AAPL"
2017-09-06,162.71,162.99,160.52,161.91,21651726,"AAPL"
2017-09-05,163.75,164.25,160.56,162.08,29536314,"AAPL"
2017-09-01,164.8,164.94,163.63,164.05,16591051,"AAPL"
2017-08-31,163.64,164.52,163.48,164,26785096,"AAPL"
2017-08-30,163.8,163.89,162.61,163.35,27269584,"AAPL"
2017-08-29,160.1,163.12,160,162.91,29516910,"AAPL"
2017-08-28,160.14,162,159.93,161.47,25965972,"AAPL"
2017-08-25,159.65,160.56,159.27,159.86,25480063,"AAPL"
2017-08-24,160.43,160.74,158.55,159.27,19818918,"AAPL"
2017-08-23,159.07,160.47,158.88,159.98,19399081,"AAPL"
2017-08-22,158.23,160,158.02,159.78,21604585,"AAPL"
2017-08-21,157.5,157.89,155.11,157.21,26368528,"AAPL"
2017-08-18,157.86,159.5,156.72,157.5,27428069,"AAPL"
2017-08-17,160.52,160.71,157.84,157.86,27940565,"AAPL"
2017-08-16,161.94,162.51,160.15,160.95,27671612,"AAPL"
2017-08-15,160.66,162.2,160.14,161.6,29465487,"AAPL"
2017-08-14,159.32,160.21,158.75,159.85,22122734,"AAPL"
2017-08-11,156.6,158.57,156.07,157.48,26257096,"AAPL"
2017-08-10,159.9,160,154.63,155.32,40804273,"AAPL"
2017-08-09,159.26,161.27,159.11,161.06,26131530,"AAPL"
2017-08-08,158.6,161.83,158.27,160.08,36205896,"AAPL"
2017-08-07,157.06,158.92,156.67,158.81,21870321,"AAPL"
2017-08-04,156.07,157.4,155.69,156.39,20559852,"AAPL"
2017-08-03,157.05,157.21,155.02,155.57,27097296,"AAPL"
2017-08-02,159.28,159.75,156.16,157.14,69936800,"AAPL"
2017-08-01,149.1,150.22,148.41,150.05,35368645,"AAPL"
2017-07-31,149.9,150.33,148.13,148.73,19845920,"AAPL"
2017-07-28,149.89,150.23,149.19,149.5,17213653,"AAPL"
2017-07-27,153.75,153.99,147.3,150.56,32476337,"AAPL"
2017-07-26,153.35,153.93,153.06,153.46,15780951,"AAPL"
2017-07-25,151.8,153.84,151.8,152.74,18853932,"AAPL"
2017-07-24,150.58,152.44,149.9,152.09,21493160,"AAPL"
2017-07-21,149.99,150.44,148.88,150.27,26252630,"AAPL"
2017-07-20,151.5,151.74,150.19,150.34,17243748,"AAPL"
2017-07-19,150.48,151.42,149.95,151.02,20922969,"AAPL"
2017-07-18,149.2,150.13,148.67,150.08,17868792,"AAPL"
2017-07-17,148.82,150.9,148.57,149.56,23793456,"AAPL"
2017-07-14,147.97,149.33,147.33,149.04,20132061,"AAPL"
2017-07-13,145.5,148.49,145.44,147.77,25199373,"AAPL"
2017-07-12,145.87,146.18,144.82,145.74,24884478,"AAPL"
2017-07-11,144.73,145.85,144.38,145.53,19781836,"AAPL"
2017-07-10,144.11,145.95,143.37,145.06,21090636,"AAPL"
2017-07-07,142.9,144.75,142.9,144.18,19201712,"AAPL"
2017-07-06,143.02,143.5,142.41,142.73,24128782,"AAPL"
2017-07-05,143.69,144.79,142.72,144.09,21569557,"AAPL"
2017-07-03,144.88,145.3,143.1,143.5,14277848,"AAPL"
2017-06-30,144.45,144.96,143.78,144.02,23024107,"AAPL"
2017-06-29,144.71,145.13,142.28,143.68,31499368,"AAPL"
2017-06-28,144.49,146.11,143.16,145.83,22082432,"AAPL"
2017-06-27,145.01,146.16,143.62,143.73,24761891,"AAPL"
2017-06-26,147.17,148.28,145.38,145.82,25692361,"AAPL"
2017-06-23,145.13,147.16,145.11,146.28,35439389,"AAPL"
2017-06-22,145.77,146.7,145.12,145.63,19106294,"AAPL"
2017-06-21,145.52,146.07,144.61,145.87,21265751,"AAPL"
2017-06-20,146.87,146.87,144.94,145.01,24900073,"AAPL"
2017-06-19,143.66,146.74,143.66,146.34,32541404,"AAPL"
2017-06-16,143.78,144.5,142.2,142.27,50361093,"AAPL"
2017-06-15,143.32,144.48,142.21,144.29,32165373,"AAPL"
2017-06-14,147.5,147.5,143.84,145.16,31531232,"AAPL"
2017-06-13,147.16,147.45,145.15,146.59,34165445,"AAPL"
2017-06-12,145.74,146.09,142.51,145.42,72307330,"AAPL"
2017-06-09,155.19,155.19,146.02,148.98,64882657,"AAPL"
2017-06-08,155.25,155.54,154.4,154.99,21250798,"AAPL"
2017-06-07,155.02,155.98,154.48,155.37,21069647,"AAPL"
2017-06-06,153.9,155.81,153.78,154.45,26624926,"AAPL"
2017-06-05,154.34,154.45,153.46,153.93,25331662,"AAPL"
2017-06-02,153.58,155.45,152.89,155.45,27770715,"AAPL"
2017-06-01,153.17,153.33,152.22,153.18,16404088,"AAPL"
2017-05-31,153.97,154.17,152.38,152.76,24451164,"AAPL"
2017-05-30,153.42,154.43,153.33,153.67,20126851,"AAPL"
2017-05-26,154,154.24,153.31,153.61,21927637,"AAPL"
2017-05-25,153.73,154.35,153.03,153.87,19235598,"AAPL"
2017-05-24,153.84,154.17,152.67,153.34,19219154,"AAPL"
2017-05-23,154.9,154.9,153.31,153.8,19918871,"AAPL"
2017-05-22,154,154.58,152.91,153.99,22966437,"AAPL"
2017-05-19,153.38,153.98,152.63,153.06,26960788,"AAPL"
2017-05-18,151.27,153.34,151.13,152.54,33568215,"AAPL"
2017-05-17,153.6,154.57,149.71,150.25,50767678,"AAPL"
2017-05-16,155.94,156.06,154.72,155.47,20048478,"AAPL"
2017-05-15,156.01,156.65,155.05,155.7,26009719,"AAPL"
2017-05-12,154.7,156.42,154.67,156.1,32527017,"AAPL"
2017-05-11,152.45,154.07,152.31,153.95,27255058,"AAPL"
2017-05-10,153.63,153.94,152.11,153.26,25805692,"AAPL"
2017-05-09,153.87,154.88,153.45,153.99,39130363,"AAPL"
2017-05-08,149.03,153.7,149.03,153.01,48752413,"AAPL"
2017-05-05,146.76,148.98,146.76,148.96,27327725,"AAPL"
2017-05-04,146.52,147.14,145.81,146.53,23371872,"AAPL"
2017-05-03,145.59,147.49,144.27,147.06,45697034,"AAPL"
2017-05-02,147.54,148.09,146.84,147.51,45352194,"AAPL"
2017-05-01,145.1,147.2,144.96,146.58,33602943,"AAPL"
2017-04-28,144.09,144.3,143.27,143.65,20860358,"AAPL"
2017-04-27,143.92,144.16,143.31,143.79,14246347,"AAPL"
2017-04-26,144.47,144.6,143.38,143.68,20041241,"AAPL"
2017-04-25,143.91,144.9,143.87,144.53,18871501,"AAPL"
2017-04-24,143.5,143.95,143.18,143.64,17134333,"AAPL"
2017-04-21,142.44,142.68,141.85,142.27,17320928,"AAPL"
2017-04-20,141.22,142.92,141.16,142.44,23319562,"AAPL"
2017-04-19,141.88,142,140.45,140.68,17328375,"AAPL"
2017-04-18,141.41,142.04,141.11,141.2,14697544,"AAPL"
2017-04-17,141.48,141.88,140.87,141.83,16582094,"AAPL"
2017-04-13,141.91,142.38,141.05,141.05,17822880,"AAPL"
2017-04-12,141.6,142.15,141.01,141.8,20350000,"AAPL"
2017-04-11,142.94,143.35,140.06,141.63,30379376,"AAPL"
2017-04-10,143.6,143.88,142.9,143.17,18933397,"AAPL"
2017-04-07,143.73,144.18,143.27,143.34,16672198,"AAPL"
2017-04-06,144.29,144.52,143.45,143.66,21149034,"AAPL"
2017-04-05,144.22,145.46,143.81,144.02,27717854,"AAPL"
2017-04-04,143.25,144.89,143.17,144.77,19891354,"AAPL"
2017-04-03,143.71,144.12,143.05,143.7,19985714,"AAPL"
2017-03-31,143.72,144.27,143.01,143.66,19661651,"AAPL"
2017-03-30,144.19,144.5,143.5,143.93,21207252,"AAPL"
2017-03-29,143.68,144.49,143.19,144.12,29189955,"AAPL"
2017-03-28,140.91,144.04,140.62,143.8,33374805,"AAPL"
2017-03-27,139.39,141.22,138.62,140.88,23575094,"AAPL"
2017-03-24,141.5,141.74,140.35,140.64,22395563,"AAPL"
2017-03-23,141.26,141.58,140.61,140.92,20346301,"AAPL"
2017-03-22,139.84,141.6,139.76,141.42,25860165,"AAPL"
2017-03-21,142.11,142.8,139.73,139.84,39529912,"AAPL"
2017-03-20,140.4,141.5,140.23,141.46,21542038,"AAPL"
2017-03-17,141,141,139.89,139.99,43884952,"AAPL"
2017-03-16,140.72,141.02,140.26,140.69,19231998,"AAPL"
2017-03-15,139.41,140.75,139.02,140.46,25691774,"AAPL"
2017-03-14,139.3,139.65,138.84,138.99,15309065,"AAPL"
2017-03-13,138.85,139.43,138.82,139.2,17421717,"AAPL"
2017-03-10,139.25,139.36,138.64,139.14,19612801,"AAPL"
2017-03-09,138.74,138.79,137.05,138.68,22155904,"AAPL"
2017-03-08,138.95,139.8,138.82,139,18707236,"AAPL"
2017-03-07,139.06,139.98,138.79,139.52,17446297,"AAPL"
2017-03-06,139.36,139.77,138.6,139.34,21750044,"AAPL"
2017-03-03,138.78,139.83,138.59,139.78,21571121,"AAPL"
2017-03-02,140,140.28,138.76,138.96,26210984,"AAPL"
2017-03-01,137.89,140.15,137.6,139.79,36414585,"AAPL"
2017-02-28,137.08,137.44,136.7,136.99,23482860,"AAPL"
2017-02-27,137.14,137.44,136.28,136.93,20257426,"AAPL"
2017-02-24,135.91,136.66,135.28,136.66,21776585,"AAPL"
2017-02-23,137.38,137.48,136.3,136.53,20788186,"AAPL"
2017-02-22,136.43,137.12,136.11,137.11,20836932,"AAPL"
2017-02-21,136.23,136.75,135.98,136.7,24507156,"AAPL"
2017-02-17,135.1,135.83,135.1,135.72,22198197,"AAPL"
2017-02-16,135.67,135.9,134.84,135.34,22584555,"AAPL"
2017-02-15,135.52,136.27,134.62,135.51,35623100,"AAPL"
2017-02-14,133.47,135.09,133.25,135.02,33226223,"AAPL"
2017-02-13,133.08,133.82,132.75,133.29,23035421,"AAPL"
2017-02-10,132.46,132.94,132.05,132.12,20065458,"AAPL"
2017-02-09,131.65,132.44,131.12,132.42,28349859,"AAPL"
2017-02-08,131.35,132.22,131.22,132.04,23004072,"AAPL"
2017-02-07,130.54,132.09,130.45,131.53,38183841,"AAPL"
2017-02-06,129.13,130.5,128.9,130.29,26845924,"AAPL"
2017-02-03,128.31,129.19,128.16,129.08,24507301,"AAPL"
2017-02-02,127.98,129.39,127.78,128.53,33710411,"AAPL"
2017-02-01,127.03,130.49,127.01,128.75,111985040,"AAPL"
2017-01-31,121.15,121.39,120.62,121.35,49200993,"AAPL"
2017-01-30,120.93,121.63,120.66,121.63,30377503,"AAPL"
2017-01-27,122.14,122.35,121.6,121.95,20562944,"AAPL"
2017-01-26,121.67,122.44,121.6,121.94,26337576,"AAPL"
2017-01-25,120.42,122.1,120.28,121.88,32586673,"AAPL"
2017-01-24,119.55,120.1,119.5,119.97,23211038,"AAPL"
2017-01-23,120,120.81,119.77,120.08,22050218,"AAPL"
2017-01-20,120.45,120.45,119.73,120,32597892,"AAPL"
2017-01-19,119.4,120.09,119.37,119.78,25597291,"AAPL"
2017-01-18,120,120.5,119.71,119.99,23712961,"AAPL"
2017-01-17,118.34,120.24,118.22,120,34439843,"AAPL"
2017-01-13,119.11,119.62,118.81,119.04,26111948,"AAPL"
2017-01-12,118.9,119.3,118.21,119.25,27086220,"AAPL"
2017-01-11,118.74,119.93,118.6,119.75,27588593,"AAPL"
2017-01-10,118.77,119.38,118.3,119.11,24462051,"AAPL"
2017-01-09,117.95,119.43,117.94,118.99,33561948,"AAPL"
2017-01-06,116.78,118.16,116.47,117.91,31751900,"AAPL"
2017-01-05,115.92,116.86,115.81,116.61,22193587,"AAPL"
2017-01-04,115.85,116.51,115.75,116.02,21118116,"AAPL"
2017-01-03,115.8,116.33,114.76,116.15,28781865,"AAPL"
2016-12-30,116.65,117.2,115.43,115.82,30586265,"AAPL"
2016-12-29,116.45,117.11,116.4,116.73,15039519,"AAPL"
2016-12-28,117.52,118.02,116.2,116.76,20905892,"AAPL"
2016-12-27,116.52,117.8,116.49,117.26,18296855,"AAPL"
2016-12-23,115.59,116.52,115.59,116.52,14249484,"AAPL"
2016-12-22,116.35,116.51,115.64,116.29,26085854,"AAPL"
2016-12-21,116.8,117.4,116.78,117.06,23783165,"AAPL"
2016-12-20,116.74,117.5,116.68,116.95,21424965,"AAPL"
2016-12-19,115.8,117.38,115.75,116.64,27779423,"AAPL"
2016-12-16,116.47,116.5,115.64,115.97,44351134,"AAPL"
2016-12-15,115.38,116.73,115.23,115.82,46524544,"AAPL"
2016-12-14,115.04,116.2,114.98,115.19,34031834,"AAPL"
2016-12-13,113.84,115.92,113.75,115.19,43733811,"AAPL"
2016-12-12,113.29,115,112.49,113.3,26374377,"AAPL"
2016-12-09,112.31,114.7,112.31,113.95,34402627,"AAPL"
2016-12-08,110.86,112.43,110.6,112.12,27068316,"AAPL"
2016-12-07,109.26,111.19,109.16,111.03,29998719,"AAPL"
2016-12-06,109.5,110.36,109.19,109.95,26195462,"AAPL"
2016-12-05,110,110.03,108.25,109.11,34324540,"AAPL"
2016-12-02,109.17,110.09,108.85,109.9,26527997,"AAPL"
2016-12-01,110.36,110.94,109.03,109.49,37086862,"AAPL"
2016-11-30,111.6,112.2,110.27,110.52,36162258,"AAPL"
2016-11-29,110.78,112.03,110.07,111.46,28528750,"AAPL"
2016-11-28,111.43,112.46,111.39,111.57,27193983,"AAPL"
2017-11-24,NA,NA,NA,NA,3528011,"AMZN"
2017-11-22,NA,NA,NA,NA,3555273,"AMZN"
2017-11-21,NA,NA,NA,NA,2479397,"AMZN"
2017-11-20,NA,NA,NA,NA,2163855,"AMZN"
2017-11-17,NA,NA,NA,NA,2413388,"AMZN"
2017-11-16,NA,NA,NA,NA,2213322,"AMZN"
2017-11-15,NA,NA,NA,NA,3928680,"AMZN"
2017-11-14,NA,NA,NA,NA,3138423,"AMZN"
2017-11-13,NA,NA,NA,NA,2918439,"AMZN"
2017-11-10,NA,NA,NA,NA,2179937,"AMZN"
2017-11-09,NA,NA,NA,NA,3732732,"AMZN"
2017-11-08,NA,NA,NA,NA,2581451,"AMZN"
2017-11-07,NA,NA,NA,NA,2688977,"AMZN"
2017-11-06,NA,NA,NA,NA,3381138,"AMZN"
2017-11-03,NA,NA,NA,NA,3751480,"AMZN"
2017-11-02,NA,NA,NA,NA,3684876,"AMZN"
2017-11-01,NA,NA,NA,NA,3755511,"AMZN"
2017-10-31,NA,NA,NA,NA,3476967,"AMZN"
2017-10-30,NA,NA,NA,NA,6613064,"AMZN"
2017-10-27,NA,NA,NA,NA,16565021,"AMZN"
2017-10-26,980.33,982.9,968.55,972.43,5618675,"AMZN"
2017-10-25,978,984.44,966.24,972.91,3033113,"AMZN"
2017-10-24,969,979.85,965,975.9,2723935,"AMZN"
2017-10-23,986.73,986.78,962.5,966.3,3494100,"AMZN"
2017-10-20,993.53,994.62,982,982.91,2365122,"AMZN"
2017-10-19,990,991.05,980.24,986.61,3108197,"AMZN"
2017-10-18,NA,NA,996.55,997,2499681,"AMZN"
2017-10-17,NA,NA,NA,NA,2319742,"AMZN"
2017-10-16,NA,NA,NA,NA,2008908,"AMZN"
2017-10-13,NA,NA,NA,NA,2431462,"AMZN"
2017-10-12,996.81,NA,992.4,NA,4067317,"AMZN"
2017-10-11,991.27,995.5,986.7,995,2337113,"AMZN"
2017-10-10,996.67,997.95,980.1,987.2,3084921,"AMZN"
2017-10-09,993.24,998.5,987.5,990.99,2938586,"AMZN"
2017-10-06,975.64,995.75,975.64,989.58,3782067,"AMZN"
2017-10-05,970,981.51,969.64,980.85,3229224,"AMZN"
2017-10-04,954.21,967.79,954.05,965.45,2527352,"AMZN"
2017-10-03,958,963.69,950.37,957.1,2666574,"AMZN"
2017-10-02,964,967.3,952.12,959.19,2442937,"AMZN"
2017-09-29,960.11,964.83,958.38,961.35,2543759,"AMZN"
2017-09-28,951.86,959.7,950.1,956.4,2522567,"AMZN"
2017-09-27,948,955.3,943.3,950.87,3124726,"AMZN"
2017-09-26,945.49,948.63,931.75,938.6,3564848,"AMZN"
2017-09-25,949.31,949.42,932.89,939.79,5123997,"AMZN"
2017-09-22,961.01,965.61,954.42,955.1,2641787,"AMZN"
2017-09-21,971.31,971.7,962.02,964.65,2337576,"AMZN"
2017-09-20,971.79,974.81,962.16,973.21,2888795,"AMZN"
2017-09-19,977.25,978.24,967.46,969.86,2671054,"AMZN"
2017-09-18,990.4,992.79,968.17,974.19,3411324,"AMZN"
2017-09-15,993.01,996.25,984.03,986.79,3760183,"AMZN"
2017-09-14,996.8,998.56,987.74,992.21,3913263,"AMZN"
2017-09-13,983.97,NA,979.42,999.6,3374650,"AMZN"
2017-09-12,983.27,984.67,975.52,982.58,2481066,"AMZN"
2017-09-11,974.46,981.94,974.22,977.96,2186666,"AMZN"
2017-09-08,979.1,979.88,963.47,965.9,2605322,"AMZN"
2017-09-07,974,980.59,972.55,979.47,2566794,"AMZN"
2017-09-06,968.32,971.84,960.6,967.8,2129861,"AMZN"
2017-09-05,975.4,976.77,960.37,965.27,2998649,"AMZN"
2017-09-01,984.2,984.5,976.88,978.25,2535917,"AMZN"
2017-08-31,974.7,981,972.76,980.6,3331488,"AMZN"
2017-08-30,958.44,969.41,956.91,967.59,2904604,"AMZN"
2017-08-29,940,956,936.33,954.06,2874299,"AMZN"
2017-08-28,946.54,953,942.25,946.02,2596737,"AMZN"
2017-08-25,956,957.62,944.1,945.26,3324791,"AMZN"
2017-08-24,957.42,959,941.14,952.45,5195726,"AMZN"
2017-08-23,959.38,962,954.2,958,2668264,"AMZN"
2017-08-22,955.52,967.93,955.5,966.9,2749970,"AMZN"
2017-08-21,957.57,961.2,945.46,953.29,3164483,"AMZN"
2017-08-18,961.4,965.43,954.65,958.47,3284821,"AMZN"
2017-08-17,977.84,977.84,960.32,960.57,3512397,"AMZN"
2017-08-16,981.65,986.46,973.22,978.18,3132066,"AMZN"
2017-08-15,988.9,991.74,982,982.74,2549295,"AMZN"
2017-08-14,978.41,985.5,976.19,983.3,3172892,"AMZN"
2017-08-11,960,970.39,951.38,967.99,3468017,"AMZN"
2017-08-10,976.3,979.86,954.68,956.92,5684068,"AMZN"
2017-08-09,982.6,988,975.27,982.01,3569731,"AMZN"
2017-08-08,994.35,996.28,985.79,989.84,2902815,"AMZN"
2017-08-07,990.65,995,987.14,992.27,2676607,"AMZN"
2017-08-04,989.68,991.67,982,987.58,2730308,"AMZN"
2017-08-03,999.47,999.5,984.59,986.92,3255764,"AMZN"
2017-08-02,NA,NA,981.73,995.89,4069993,"AMZN"
2017-08-01,996.11,NA,991.58,996.19,4572576,"AMZN"
2017-07-31,NA,NA,987.02,987.78,7352063,"AMZN"
2017-07-28,NA,NA,NA,NA,7709420,"AMZN"
2017-07-27,NA,NA,NA,NA,10991715,"AMZN"
2017-07-26,NA,NA,NA,NA,2921253,"AMZN"
2017-07-25,NA,NA,NA,NA,2447629,"AMZN"
2017-07-24,NA,NA,NA,NA,3288020,"AMZN"
2017-07-21,NA,NA,NA,NA,2734577,"AMZN"
2017-07-20,NA,NA,NA,NA,3097487,"AMZN"
2017-07-19,NA,NA,NA,NA,2963964,"AMZN"
2017-07-18,NA,NA,NA,NA,4007624,"AMZN"
2017-07-17,NA,NA,NA,NA,3712587,"AMZN"
2017-07-14,NA,NA,996.89,NA,2102469,"AMZN"
2017-07-13,NA,NA,995.9,NA,2880769,"AMZN"
2017-07-12,NA,NA,998.1,NA,3608574,"AMZN"
2017-07-11,993,995.99,983.72,994.13,2982726,"AMZN"
2017-07-10,985,999.44,983.5,996.47,3546268,"AMZN"
2017-07-07,969.55,980.11,969.14,978.76,2643387,"AMZN"
2017-07-06,964.66,974.4,959.02,965.14,3259613,"AMZN"
2017-07-05,961.53,975,955.25,971.4,3652955,"AMZN"
2017-07-03,972.79,974.49,951,953.66,2909108,"AMZN"
2017-06-30,980.12,983.47,967.61,968,3390345,"AMZN"
2017-06-29,979,987.56,965.25,975.93,4302968,"AMZN"
2017-06-28,978.55,990.68,969.21,990.33,3737567,"AMZN"
2017-06-27,990.69,998.8,976,976.78,3782389,"AMZN"
2017-06-26,NA,NA,992,993.98,3386157,"AMZN"
2017-06-23,NA,NA,998.02,NA,2879145,"AMZN"
2017-06-22,NA,NA,997.2,NA,2253433,"AMZN"
2017-06-21,998.7,NA,992.65,NA,2922473,"AMZN"
2017-06-20,998,NA,992.02,992.59,4076828,"AMZN"
2017-06-19,NA,NA,989.9,995.17,5043408,"AMZN"
2017-06-16,996,999.75,982,987.71,11472662,"AMZN"
2017-06-15,958.7,965.73,950.86,964.17,5373865,"AMZN"
2017-06-14,988.59,990.34,966.71,976.47,3974900,"AMZN"
2017-06-13,977.99,984.5,966.1,980.79,4580011,"AMZN"
2017-06-12,967,975.95,945,964.91,9447233,"AMZN"
2017-06-09,NA,NA,927,978.31,7647692,"AMZN"
2017-06-08,NA,NA,NA,NA,2767857,"AMZN"
2017-06-07,NA,NA,NA,NA,2823041,"AMZN"
2017-06-06,NA,NA,NA,NA,3346432,"AMZN"
2017-06-05,NA,NA,NA,NA,2719859,"AMZN"
2017-06-02,998.99,NA,995.67,NA,3752328,"AMZN"
2017-06-01,998.59,998.99,991.37,995.95,2454841,"AMZN"
2017-05-31,NA,NA,982.16,994.62,3913115,"AMZN"
2017-05-30,996.51,NA,995.52,996.7,3263069,"AMZN"
2017-05-26,995,998.65,989.25,995.78,3469154,"AMZN"
2017-05-25,984.85,999,982.11,993.38,4822032,"AMZN"
2017-05-24,976,981,970.23,980.35,2463052,"AMZN"
2017-05-23,975.02,975.2,966.85,971.54,2415594,"AMZN"
2017-05-22,964,971.38,962.9,970.67,2642217,"AMZN"
2017-05-19,962.84,968.92,959.72,959.84,3972089,"AMZN"
2017-05-18,944.8,962.75,944.76,958.49,3939347,"AMZN"
2017-05-17,954.7,960.4,944.12,944.76,5145578,"AMZN"
2017-05-16,961,970.06,960.91,966.07,3126051,"AMZN"
2017-05-15,958.73,963.15,956.06,957.97,4270625,"AMZN"
2017-05-12,954.5,962.79,951.53,961.35,3625857,"AMZN"
2017-05-11,945.11,950.29,940.78,947.62,2194070,"AMZN"
2017-05-10,953.5,953.75,945,948.95,2096512,"AMZN"
2017-05-09,952.8,957.89,950.2,952.82,3262113,"AMZN"
2017-05-08,940.95,949.05,939.21,949.04,3415731,"AMZN"
2017-05-05,940.52,940.79,930.3,934.15,2866397,"AMZN"
2017-05-04,944.75,945,934.22,937.53,2418381,"AMZN"
2017-05-03,946,946,935.9,941.03,3582686,"AMZN"
2017-05-02,946.64,950.1,941.41,946.94,3848835,"AMZN"
2017-05-01,927.8,954.4,927.8,948.23,5466544,"AMZN"
2017-04-28,948.83,949.59,924.33,924.99,7364681,"AMZN"
2017-04-27,914.39,921.86,912.11,918.38,5305543,"AMZN"
2017-04-26,910.3,915.75,907.56,909.29,2608948,"AMZN"
2017-04-25,907.04,909.48,903,907.62,3380639,"AMZN"
2017-04-24,908.68,909.99,903.82,907.41,3122893,"AMZN"
2017-04-21,902.67,903.65,896.77,898.53,2420494,"AMZN"
2017-04-20,899.7,905.32,896.29,902.06,2814441,"AMZN"
2017-04-19,907.84,910.5,897.37,899.2,2870242,"AMZN"
2017-04-18,900.99,909.61,900.78,903.78,2999238,"AMZN"
2017-04-17,887.5,902.38,887.5,901.99,2854673,"AMZN"
2017-04-13,891.45,894.97,884.49,884.67,3174583,"AMZN"
2017-04-12,903.09,904.09,895.25,896.23,2456140,"AMZN"
2017-04-11,907.04,911.24,897.5,902.36,3012743,"AMZN"
2017-04-10,899.63,908.51,899,907.04,3184301,"AMZN"
2017-04-07,899.65,900.09,889.31,894.88,3710922,"AMZN"
2017-04-06,913.8,917.19,894.49,898.28,6344065,"AMZN"
2017-04-05,910.82,923.72,905.62,909.28,7508370,"AMZN"
2017-04-04,891.5,908.54,890.28,906.83,4984656,"AMZN"
2017-04-03,888,893.49,885.42,891.51,3422328,"AMZN"
2017-03-31,877,890.35,876.65,886.54,3957612,"AMZN"
2017-03-30,874.95,877.06,871.66,876.34,2762730,"AMZN"
2017-03-29,859.05,876.44,859.02,874.32,4485770,"AMZN"
2017-03-28,851.75,858.46,850.1,856,3041633,"AMZN"
2017-03-27,838.07,850.3,833.5,846.82,2755775,"AMZN"
2017-03-24,851.68,851.8,843.53,845.61,2138269,"AMZN"
2017-03-23,848.2,850.89,844.8,847.38,1952964,"AMZN"
2017-03-22,840.43,849.37,839.05,848.06,2658669,"AMZN"
2017-03-21,858.84,862.8,841.31,843.2,4382852,"AMZN"
2017-03-20,851.51,857.8,851.01,856.97,2282727,"AMZN"
2017-03-17,853.49,853.83,850.64,852.31,3384403,"AMZN"
2017-03-16,855.3,855.5,850.51,853.42,1842296,"AMZN"
2017-03-15,854.33,854.45,847.11,852.97,2562176,"AMZN"
2017-03-14,853.55,853.75,847.55,852.53,2130586,"AMZN"
2017-03-13,851.77,855.69,851.71,854.59,1909672,"AMZN"
2017-03-10,857,857.35,851.72,852.46,2436434,"AMZN"
2017-03-09,851,856.4,850.31,853,2048187,"AMZN"
2017-03-08,848,853.07,846.79,850.5,2288317,"AMZN"
2017-03-07,845.48,848.46,843.75,846.02,2247554,"AMZN"
2017-03-06,845.23,848.49,841.12,846.61,2610370,"AMZN"
2017-03-03,847.2,851.98,846.27,849.88,1951575,"AMZN"
2017-03-02,853.08,854.82,847.28,848.91,2132098,"AMZN"
2017-03-01,853.05,854.83,849.01,853.08,2760083,"AMZN"
2017-02-28,851.45,854.09,842.05,845.04,2793709,"AMZN"
2017-02-27,842.38,852.5,839.67,848.64,2713627,"AMZN"
2017-02-24,844.69,845.81,837.75,845.24,3687963,"AMZN"
2017-02-23,857.57,860.86,848,852.19,3461984,"AMZN"
2017-02-22,856.95,858.43,852.18,855.61,2616971,"AMZN"
2017-02-21,848.84,857.98,847.25,856.44,3507742,"AMZN"
2017-02-17,842,847.27,840.73,845.07,3112275,"AMZN"
2017-02-16,841.84,845,839.38,844.14,2714667,"AMZN"
2017-02-15,834,842.81,832.82,842.7,2968853,"AMZN"
2017-02-14,837,838.31,831.45,836.39,2792442,"AMZN"
2017-02-13,831.62,843,828.55,836.53,4172618,"AMZN"
2017-02-10,823.82,828,822.85,827.46,2429609,"AMZN"
2017-02-09,821.6,825,819.71,821.36,2484948,"AMZN"
2017-02-08,812.69,821.48,812.5,819.71,2857985,"AMZN"
2017-02-07,809.31,816.16,807.5,812.5,3466091,"AMZN"
2017-02-06,809.8,810.72,803,807.64,3897301,"AMZN"
2017-02-03,806.72,818.3,804,810.2,10868773,"AMZN"
2017-02-02,836.59,842.49,828.26,839.95,7350492,"AMZN"
2017-02-01,829.21,833.78,824.94,832.35,3850181,"AMZN"
2017-01-31,823.75,826.99,819.56,823.48,3137196,"AMZN"
2017-01-30,833,833.5,816.38,830.38,3747336,"AMZN"
2017-01-27,839,839.7,829.44,835.77,2998700,"AMZN"
2017-01-26,835.53,843.84,833,839.15,3586323,"AMZN"
2017-01-25,825.79,837.42,825.29,836.52,4023078,"AMZN"
2017-01-24,822,823.99,814.5,822.44,2971740,"AMZN"
2017-01-23,806.8,818.5,805.08,817.88,2797474,"AMZN"
2017-01-20,815.28,816.02,806.26,808.33,3376196,"AMZN"
2017-01-19,810,813.51,807.32,809.04,2540784,"AMZN"
2017-01-18,809.5,811.73,804.27,807.48,2354201,"AMZN"
2017-01-17,815.7,816,803.44,809.72,3670529,"AMZN"
2017-01-13,814.32,821.65,811.4,817.14,3791945,"AMZN"
2017-01-12,800.31,814.13,799.5,813.64,4873922,"AMZN"
2017-01-11,793.66,799.5,789.51,799.02,2992791,"AMZN"
2017-01-10,796.6,798,789.54,795.9,2558369,"AMZN"
2017-01-09,798,801.77,791.77,796.92,3446109,"AMZN"
2017-01-06,782.36,799.44,778.48,795.99,5986234,"AMZN"
2017-01-05,761.55,782.4,760.26,780.45,5830068,"AMZN"
2017-01-04,758.39,759.68,754.2,757.18,2510526,"AMZN"
2017-01-03,757.92,758.76,747.7,753.67,3521066,"AMZN"
2016-12-30,766.47,767.4,748.28,749.87,4139449,"AMZN"
2016-12-29,772.4,773.4,760.85,765.15,3158299,"AMZN"
2016-12-28,776.25,780,770.5,772.13,3301025,"AMZN"
2016-12-27,763.4,774.65,761.2,771.4,2638725,"AMZN"
2016-12-23,764.55,766.5,757.99,760.59,1981616,"AMZN"
2016-12-22,768.12,771.21,763.02,766.34,2543551,"AMZN"
2016-12-21,770,771.22,765.7,770.6,2044629,"AMZN"
2016-12-20,768.65,774.39,767.71,771.22,2703629,"AMZN"
2016-12-19,758.89,770.5,756.16,766,3113240,"AMZN"
2016-12-16,765,765.13,754,757.77,4848219,"AMZN"
2016-12-15,766.28,769.1,760.31,761,3801927,"AMZN"
2016-12-14,778.25,780.86,762.81,768.82,5454836,"AMZN"
2016-12-13,764.96,782.46,762,774.34,5285288,"AMZN"
2016-12-12,766.4,766.89,757.2,760.12,2963945,"AMZN"
2016-12-09,770,770.25,765.34,768.66,2470923,"AMZN"
2016-12-08,771.87,773.79,765.19,767.33,3189608,"AMZN"
2016-12-07,764.55,770.42,755.82,770.42,3684906,"AMZN"
2016-12-06,763.99,768.24,757.25,764.72,3794746,"AMZN"
2016-12-05,745,761.49,742,759.36,4314723,"AMZN"
2016-12-02,743.4,748.49,736.7,740.34,3561307,"AMZN"
2016-12-01,752.41,753.37,738.03,743.65,4665993,"AMZN"
2016-11-30,762,768.09,750.25,750.57,4625946,"AMZN"
2016-11-29,768,769.89,761.32,762.52,3272344,"AMZN"
2016-11-28,776.99,777,764.24,766.77,4438828,"AMZN"
2017-11-24,83.01,83.43,82.78,83.26,7425603,"MSFT"
2017-11-22,83.83,83.9,83.04,83.11,20553089,"MSFT"
2017-11-21,82.74,83.84,82.74,83.72,21237454,"MSFT"
2017-11-20,82.4,82.59,82.25,82.53,16314978,"MSFT"
2017-11-17,83.12,83.12,82.24,82.4,22078993,"MSFT"
2017-11-16,83.1,83.42,82.94,83.2,20962750,"MSFT"
2017-11-15,83.47,83.69,82.69,82.98,19383102,"MSFT"
2017-11-14,83.5,84.1,82.98,84.05,18801280,"MSFT"
2017-11-13,83.66,83.94,83.46,83.93,14196896,"MSFT"
2017-11-10,83.79,84.1,83.23,83.87,19397793,"MSFT"
2017-11-09,84.11,84.27,82.9,84.09,21178356,"MSFT"
2017-11-08,84.14,84.61,83.83,84.56,18034170,"MSFT"
2017-11-07,84.77,84.9,83.93,84.27,17939727,"MSFT"
2017-11-06,84.2,84.7,84.08,84.47,19860852,"MSFT"
2017-11-03,84.08,84.54,83.4,84.14,17633543,"MSFT"
2017-11-02,83.35,84.46,83.12,84.05,23992945,"MSFT"
2017-11-01,83.68,83.76,82.88,83.18,22307371,"MSFT"
2017-10-31,84.36,84.36,83.11,83.18,27086575,"MSFT"
2017-10-30,83.7,84.32,83.1,83.89,31756653,"MSFT"
2017-10-27,84.37,86.2,83.61,83.81,71066729,"MSFT"
2017-10-26,79.2,79.42,78.75,78.76,32120717,"MSFT"
2017-10-25,78.58,79.1,78.01,78.63,20410808,"MSFT"
2017-10-24,78.9,79.2,78.46,78.86,17517182,"MSFT"
2017-10-23,78.99,79.34,78.76,78.83,20627173,"MSFT"
2017-10-20,78.32,78.97,78.22,78.81,22866426,"MSFT"
2017-10-19,77.57,77.93,77.35,77.91,15092758,"MSFT"
2017-10-18,77.67,77.85,77.37,77.61,13300701,"MSFT"
2017-10-17,77.47,77.62,77.25,77.59,16823989,"MSFT"
2017-10-16,77.42,77.81,77.35,77.65,12380093,"MSFT"
2017-10-13,77.59,77.87,77.29,77.49,15335742,"MSFT"
2017-10-12,76.49,77.29,76.37,77.12,16876538,"MSFT"
2017-10-11,76.36,76.46,75.95,76.42,15388898,"MSFT"
2017-10-10,76.33,76.63,76.14,76.29,13944545,"MSFT"
2017-10-09,75.97,76.55,75.86,76.29,11386502,"MSFT"
2017-10-06,75.67,76.03,75.54,76,13959814,"MSFT"
2017-10-05,75.22,76.12,74.96,75.97,21195261,"MSFT"
2017-10-04,74.09,74.72,73.71,74.69,13317681,"MSFT"
2017-10-03,74.67,74.88,74.2,74.26,12190403,"MSFT"
2017-10-02,74.71,75.01,74.3,74.61,15304762,"MSFT"
2017-09-29,73.94,74.54,73.88,74.49,17079114,"MSFT"
2017-09-28,73.54,73.97,73.31,73.87,10883787,"MSFT"
2017-09-27,73.55,74.17,73.17,73.85,19375099,"MSFT"
2017-09-26,73.67,73.81,72.99,73.26,18019577,"MSFT"
2017-09-25,74.09,74.25,72.92,73.26,24149163,"MSFT"
2017-09-22,73.99,74.51,73.85,74.41,14111365,"MSFT"
2017-09-21,75.11,75.24,74.11,74.21,19186140,"MSFT"
2017-09-20,75.35,75.55,74.31,74.94,21587878,"MSFT"
2017-09-19,75.21,75.71,75.01,75.44,16093344,"MSFT"
2017-09-18,75.23,75.97,75.04,75.16,23306959,"MSFT"
2017-09-15,74.83,75.39,74.07,75.31,38578441,"MSFT"
2017-09-14,75,75.49,74.52,74.77,15733914,"MSFT"
2017-09-13,74.93,75.23,74.55,75.21,13380802,"MSFT"
2017-09-12,74.76,75.24,74.37,74.68,14394850,"MSFT"
2017-09-11,74.31,74.94,74.31,74.76,17910383,"MSFT"
2017-09-08,74.33,74.44,73.84,73.98,14703816,"MSFT"
2017-09-07,73.68,74.6,73.6,74.34,17471200,"MSFT"
2017-09-06,73.74,74.04,73.35,73.4,16535785,"MSFT"
2017-09-05,73.34,73.89,72.98,73.61,22242384,"MSFT"
2017-09-01,74.71,74.74,73.64,73.94,21736161,"MSFT"
2017-08-31,74.03,74.96,73.8,74.77,27652811,"MSFT"
2017-08-30,73.01,74.21,72.83,74.01,16897801,"MSFT"
2017-08-29,72.25,73.16,72.05,73.05,11478382,"MSFT"
2017-08-28,73.06,73.09,72.55,72.83,14569715,"MSFT"
2017-08-25,72.86,73.35,72.48,72.82,12794301,"MSFT"
2017-08-24,72.74,72.86,72.07,72.69,17098282,"MSFT"
2017-08-23,72.96,73.15,72.53,72.72,13766507,"MSFT"
2017-08-22,72.35,73.24,72.35,73.16,14343674,"MSFT"
2017-08-21,72.47,72.48,71.7,72.15,17734767,"MSFT"
2017-08-18,72.27,72.84,71.93,72.49,18761491,"MSFT"
2017-08-17,73.58,73.87,72.4,72.4,22977519,"MSFT"
2017-08-16,73.34,74.1,73.17,73.65,18150402,"MSFT"
2017-08-15,73.59,73.59,73.04,73.22,19181402,"MSFT"
2017-08-14,73.06,73.72,72.95,73.59,20096592,"MSFT"
2017-08-11,71.61,72.7,71.28,72.5,21443675,"MSFT"
2017-08-10,71.9,72.19,71.35,71.41,24734461,"MSFT"
2017-08-09,72.25,72.51,72.05,72.47,22213410,"MSFT"
2017-08-08,72.09,73.13,71.75,72.79,22044587,"MSFT"
2017-08-07,72.8,72.9,72.26,72.4,18705681,"MSFT"
2017-08-04,72.4,73.04,72.24,72.68,22578952,"MSFT"
2017-08-03,72.19,72.44,71.84,72.15,18214424,"MSFT"
2017-08-02,72.55,72.56,71.44,72.26,26499158,"MSFT"
2017-08-01,73.1,73.42,72.49,72.58,20823890,"MSFT"
2017-07-31,73.3,73.44,72.41,72.7,23600054,"MSFT"
2017-07-28,72.67,73.31,72.54,73.04,18306680,"MSFT"
2017-07-27,73.76,74.42,72.32,73.16,36844220,"MSFT"
2017-07-26,74.34,74.38,73.81,74.05,16252233,"MSFT"
2017-07-25,73.8,74.31,73.5,74.19,22018681,"MSFT"
2017-07-24,73.53,73.75,73.13,73.6,21394826,"MSFT"
2017-07-21,73.45,74.29,73.17,73.79,46717082,"MSFT"
2017-07-20,74.18,74.3,73.28,74.22,42361025,"MSFT"
2017-07-19,73.5,74.04,73.45,73.86,22416222,"MSFT"
2017-07-18,73.09,73.39,72.66,73.3,26435296,"MSFT"
2017-07-17,72.8,73.45,72.72,73.35,21803907,"MSFT"
2017-07-14,72.24,73.27,71.96,72.78,25868086,"MSFT"
2017-07-13,71.5,72.04,71.31,71.77,20269816,"MSFT"
2017-07-12,70.69,71.28,70.55,71.15,17750925,"MSFT"
2017-07-11,70.11,70.68,69.75,69.99,17460022,"MSFT"
2017-07-10,69.46,70.25,69.2,69.98,15014503,"MSFT"
2017-07-07,68.7,69.84,68.7,69.46,16878317,"MSFT"
2017-07-06,68.27,68.78,68.12,68.57,21117572,"MSFT"
2017-07-05,68.26,69.44,68.22,69.08,21176272,"MSFT"
2017-07-03,69.33,69.6,68.02,68.17,16165538,"MSFT"
2017-06-30,68.78,69.38,68.74,68.93,24161068,"MSFT"
2017-06-29,69.38,69.49,68.09,68.49,28918715,"MSFT"
2017-06-28,69.21,69.84,68.79,69.8,25806200,"MSFT"
2017-06-27,70.11,70.18,69.18,69.21,25215128,"MSFT"
2017-06-26,71.4,71.71,70.44,70.53,19606974,"MSFT"
2017-06-23,70.09,71.25,69.92,71.21,27617291,"MSFT"
2017-06-22,70.54,70.59,69.71,70.26,22965738,"MSFT"
2017-06-21,70.21,70.62,69.94,70.27,19891051,"MSFT"
2017-06-20,70.82,70.87,69.87,69.91,21512231,"MSFT"
2017-06-19,70.5,70.94,70.35,70.87,23798268,"MSFT"
2017-06-16,69.73,70.03,69.22,70,48345085,"MSFT"
2017-06-15,69.27,70.21,68.8,69.9,26068709,"MSFT"
2017-06-14,70.91,71.1,69.43,70.27,25510685,"MSFT"
2017-06-13,70.02,70.82,69.96,70.65,25258614,"MSFT"
2017-06-12,69.25,69.94,68.13,69.78,47761743,"MSFT"
2017-06-09,72.04,72.08,68.59,70.32,49187396,"MSFT"
2017-06-08,72.51,72.52,71.5,71.95,24588270,"MSFT"
2017-06-07,72.64,72.77,71.95,72.39,22301765,"MSFT"
2017-06-06,72.3,72.62,72.27,72.52,31511065,"MSFT"
2017-06-05,71.97,72.89,71.81,72.28,33316760,"MSFT"
2017-06-02,70.44,71.86,70.24,71.76,34770261,"MSFT"
2017-06-01,70.24,70.61,69.45,70.1,21603601,"MSFT"
2017-05-31,70.53,70.74,69.81,69.84,30436364,"MSFT"
2017-05-30,69.79,70.41,69.77,70.41,17072838,"MSFT"
2017-05-26,69.8,70.22,69.52,69.96,19827923,"MSFT"
2017-05-25,68.97,69.88,68.91,69.62,21854095,"MSFT"
2017-05-24,68.87,68.88,68.45,68.77,14666865,"MSFT"
2017-05-23,68.72,68.75,68.38,68.68,15425824,"MSFT"
2017-05-22,67.89,68.5,67.5,68.45,16237550,"MSFT"
2017-05-19,67.5,68.1,67.43,67.69,26961119,"MSFT"
2017-05-18,67.4,68.13,67.14,67.71,25201274,"MSFT"
2017-05-17,68.89,69.1,67.43,67.48,30548781,"MSFT"
2017-05-16,68.23,69.44,68.16,69.41,34956038,"MSFT"
2017-05-15,68.14,68.48,67.57,68.43,31530301,"MSFT"
2017-05-12,68.61,68.61,68.04,68.38,18714123,"MSFT"
2017-05-11,68.36,68.73,68.12,68.46,28789413,"MSFT"
2017-05-10,68.99,69.56,68.92,69.31,17977830,"MSFT"
2017-05-09,68.86,69.28,68.68,69.04,22858414,"MSFT"
2017-05-08,68.97,69.05,68.42,68.94,18566087,"MSFT"
2017-05-05,68.9,69.03,68.48,69,19128782,"MSFT"
2017-05-04,69.03,69.08,68.64,68.81,21749409,"MSFT"
2017-05-03,69.38,69.38,68.71,69.08,28927973,"MSFT"
2017-05-02,69.71,69.71,69.13,69.3,23906119,"MSFT"
2017-05-01,68.68,69.55,68.5,69.41,31954362,"MSFT"
2017-04-28,68.91,69.14,67.69,68.46,39548818,"MSFT"
2017-04-27,68.15,68.38,67.58,68.27,34970953,"MSFT"
2017-04-26,68.08,68.31,67.62,67.83,26190770,"MSFT"
2017-04-25,67.9,68.04,67.6,67.92,30242730,"MSFT"
2017-04-24,67.48,67.66,67.1,67.53,29769976,"MSFT"
2017-04-21,65.67,66.7,65.45,66.4,32522645,"MSFT"
2017-04-20,65.46,65.75,65.14,65.5,22299477,"MSFT"
2017-04-19,65.65,65.75,64.89,65.04,26992771,"MSFT"
2017-04-18,65.33,65.71,65.16,65.39,15155611,"MSFT"
2017-04-17,65.04,65.49,65.01,65.48,16689265,"MSFT"
2017-04-13,65.29,65.86,64.95,64.95,17896483,"MSFT"
2017-04-12,65.42,65.51,65.11,65.23,17108513,"MSFT"
2017-04-11,65.6,65.61,64.85,65.48,18791533,"MSFT"
2017-04-10,65.61,65.82,65.36,65.53,17952742,"MSFT"
2017-04-07,65.85,65.96,65.44,65.68,14108533,"MSFT"
2017-04-06,65.6,66.06,65.48,65.73,18103453,"MSFT"
2017-04-05,66.3,66.35,65.44,65.56,21448594,"MSFT"
2017-04-04,65.39,65.81,65.28,65.73,12997449,"MSFT"
2017-04-03,65.81,65.94,65.19,65.55,20400871,"MSFT"
2017-03-31,65.65,66.19,65.45,65.86,21040331,"MSFT"
2017-03-30,65.42,65.98,65.36,65.71,15122823,"MSFT"
2017-03-29,65.12,65.5,64.95,65.47,13618424,"MSFT"
2017-03-28,64.96,65.47,64.65,65.29,20080358,"MSFT"
2017-03-27,64.63,65.22,64.35,65.1,18614662,"MSFT"
2017-03-24,65.36,65.45,64.76,64.98,22617105,"MSFT"
2017-03-23,64.94,65.24,64.76,64.87,19269203,"MSFT"
2017-03-22,64.12,65.14,64.12,65.03,20680015,"MSFT"
2017-03-21,65.19,65.5,64.13,64.21,26640480,"MSFT"
2017-03-20,64.91,65.18,64.72,64.93,14598083,"MSFT"
2017-03-17,64.91,65.24,64.68,64.87,49219686,"MSFT"
2017-03-16,64.75,64.76,64.3,64.64,20674296,"MSFT"
2017-03-15,64.55,64.92,64.25,64.75,24833810,"MSFT"
2017-03-14,64.53,64.55,64.15,64.41,14280202,"MSFT"
2017-03-13,65.01,65.2,64.57,64.71,20100035,"MSFT"
2017-03-10,65.11,65.26,64.75,64.93,19538245,"MSFT"
2017-03-09,65.19,65.2,64.48,64.73,19846832,"MSFT"
2017-03-08,64.26,65.08,64.25,64.99,21510907,"MSFT"
2017-03-07,64.19,64.78,64.19,64.4,18520987,"MSFT"
2017-03-06,63.97,64.56,63.81,64.27,18750255,"MSFT"
2017-03-03,63.99,64.28,63.62,64.25,18139405,"MSFT"
2017-03-02,64.69,64.75,63.88,64.01,24539597,"MSFT"
2017-03-01,64.13,64.99,64.02,64.94,26937459,"MSFT"
2017-02-28,64.08,64.2,63.76,63.98,23239825,"MSFT"
2017-02-27,64.54,64.54,64.04,64.23,15871507,"MSFT"
2017-02-24,64.53,64.8,64.14,64.62,21796800,"MSFT"
2017-02-23,64.42,64.73,64.2,64.62,20273128,"MSFT"
2017-02-22,64.33,64.39,64.05,64.36,19292651,"MSFT"
2017-02-21,64.61,64.95,64.45,64.49,20655869,"MSFT"
2017-02-17,64.47,64.69,64.3,64.62,21248818,"MSFT"
2017-02-16,64.74,65.24,64.44,64.52,20546345,"MSFT"
2017-02-15,64.5,64.57,64.16,64.53,17005157,"MSFT"
2017-02-14,64.41,64.72,64.02,64.57,23108426,"MSFT"
2017-02-13,64.24,64.86,64.13,64.72,22920101,"MSFT"
2017-02-10,64.25,64.3,63.98,64,18170729,"MSFT"
2017-02-09,63.52,64.44,63.32,64.06,22644443,"MSFT"
2017-02-08,63.57,63.81,63.22,63.34,18096358,"MSFT"
2017-02-07,63.74,63.78,63.23,63.43,20277226,"MSFT"
2017-02-06,63.5,63.65,63.14,63.64,19796360,"MSFT"
2017-02-03,63.5,63.7,63.07,63.68,30301759,"MSFT"
2017-02-02,63.25,63.41,62.75,63.17,45827013,"MSFT"
2017-02-01,64.36,64.62,63.47,63.58,39671528,"MSFT"
2017-01-31,64.86,65.15,64.26,64.65,25270549,"MSFT"
2017-01-30,65.69,65.79,64.8,65.13,31651445,"MSFT"
2017-01-27,65.39,65.91,64.89,65.78,44817972,"MSFT"
2017-01-26,64.12,64.54,63.55,64.27,43554645,"MSFT"
2017-01-25,63.95,64.1,63.45,63.68,24654933,"MSFT"
2017-01-24,63.2,63.74,62.94,63.52,24672940,"MSFT"
2017-01-23,62.7,63.12,62.57,62.96,23097581,"MSFT"
2017-01-20,62.67,62.82,62.37,62.74,30213462,"MSFT"
2017-01-19,62.24,62.98,62.2,62.3,18451655,"MSFT"
2017-01-18,62.67,62.7,62.12,62.5,19670102,"MSFT"
2017-01-17,62.68,62.7,62.03,62.53,20663983,"MSFT"
2017-01-13,62.62,62.86,62.35,62.7,19422310,"MSFT"
2017-01-12,63.06,63.4,61.95,62.61,20968223,"MSFT"
2017-01-11,62.61,63.23,62.43,63.19,21517335,"MSFT"
2017-01-10,62.73,63.07,62.28,62.62,18593004,"MSFT"
2017-01-09,62.76,63.08,62.54,62.64,20382730,"MSFT"
2017-01-06,62.3,63.15,62.04,62.84,19922919,"MSFT"
2017-01-05,62.19,62.66,62.03,62.3,24875968,"MSFT"
2017-01-04,62.48,62.75,62.12,62.3,21339969,"MSFT"
2017-01-03,62.79,62.84,62.12,62.58,20694101,"MSFT"
2016-12-30,62.96,62.99,62.03,62.14,25579908,"MSFT"
2016-12-29,62.86,63.2,62.73,62.9,10250582,"MSFT"
2016-12-28,63.4,63.4,62.83,62.99,14653348,"MSFT"
2016-12-27,63.21,64.07,63.21,63.28,11763173,"MSFT"
2016-12-23,63.45,63.54,62.8,63.24,12403819,"MSFT"
2016-12-22,63.84,64.1,63.4,63.55,22176585,"MSFT"
2016-12-21,63.43,63.7,63.12,63.54,17096304,"MSFT"
2016-12-20,63.69,63.8,63.02,63.54,26028379,"MSFT"
2016-12-19,62.56,63.77,62.42,63.62,34338219,"MSFT"
2016-12-16,62.95,62.95,62.12,62.3,42453083,"MSFT"
2016-12-15,62.7,63.15,62.3,62.58,27669868,"MSFT"
2016-12-14,63,63.45,62.53,62.68,30352654,"MSFT"
2016-12-13,62.5,63.42,62.24,62.98,35718868,"MSFT"
2016-12-12,61.82,62.3,61.72,62.17,20198081,"MSFT"
2016-12-09,61.18,61.99,61.12,61.97,27349356,"MSFT"
2016-12-08,61.3,61.58,60.84,61.01,21220753,"MSFT"
2016-12-07,60.01,61.38,59.8,61.37,30808969,"MSFT"
2016-12-06,60.43,60.46,59.8,59.95,19907035,"MSFT"
2016-12-05,59.7,60.58,59.56,60.22,23552658,"MSFT"
2016-12-02,59.08,59.47,58.8,59.25,25515665,"MSFT"
2016-12-01,60.11,60.15,58.94,59.2,34542121,"MSFT"
2016-11-30,60.86,61.18,60.22,60.26,34655435,"MSFT"
2016-11-29,60.65,61.41,60.52,61.09,22366721,"MSFT"
2016-11-28,60.34,61.02,60.21,60.61,20732619,"MSFT"
2017-11-24,44.55,44.78,44.43,44.75,6465815,"INTC"
2017-11-22,44.94,44.95,44.54,44.65,19538331,"INTC"
2017-11-21,44.72,45.22,44.71,44.94,21871027,"INTC"
2017-11-20,44.73,45.12,44.5,44.62,22420003,"INTC"
2017-11-17,45.5,45.62,44.62,44.63,63798040,"INTC"
2017-11-16,45.63,46.07,45.46,45.65,26439406,"INTC"
2017-11-15,45.39,45.8,45.17,45.46,17157204,"INTC"
2017-11-14,45.7,45.92,45.32,45.86,22201170,"INTC"
2017-11-13,45.26,45.94,45.25,45.75,18999002,"INTC"
2017-11-10,46.04,46.09,45.38,45.58,24095354,"INTC"
2017-11-09,46.05,46.39,45.65,46.3,25570358,"INTC"
2017-11-08,46.62,46.7,46.28,46.7,21565759,"INTC"
2017-11-07,46.7,47.09,46.39,46.78,24461371,"INTC"
2017-11-06,46.6,46.74,46.09,46.7,34034971,"INTC"
2017-11-03,47.2,47.3,45.6,46.34,39298110,"INTC"
2017-11-02,46.61,47.23,46.21,47.1,44602250,"INTC"
2017-11-01,45.97,46.71,45.59,46.71,47813724,"INTC"
2017-10-31,45.2,45.8,44.65,45.49,47000920,"INTC"
2017-10-30,44.48,45.19,43.88,44.37,48161518,"INTC"
2017-10-27,43.3,45,43.1,44.4,90028300,"INTC"
2017-10-26,40.91,41.58,40.71,41.35,38247395,"INTC"
2017-10-25,40.89,41.06,40.49,40.78,24031660,"INTC"
2017-10-24,41,41.05,40.72,40.95,19652417,"INTC"
2017-10-23,40.55,41.04,40.4,40.83,28646966,"INTC"
2017-10-20,40.33,40.45,40.1,40.43,18335672,"INTC"
2017-10-19,39.88,40.33,39.83,40.09,19222705,"INTC"
2017-10-18,39.8,40.29,39.6,40.25,21424554,"INTC"
2017-10-17,39.56,39.86,39.37,39.79,15532818,"INTC"
2017-10-16,39.71,39.79,39.44,39.76,12489135,"INTC"
2017-10-13,39.44,39.81,39.28,39.67,16829366,"INTC"
2017-10-12,39.35,39.39,38.98,39.19,18286944,"INTC"
2017-10-11,39.48,39.67,39.06,39.3,30754708,"INTC"
2017-10-10,39.93,39.95,39.38,39.65,29890017,"INTC"
2017-10-09,39.68,39.88,39.52,39.86,18494080,"INTC"
2017-10-06,39.6,39.89,39.42,39.63,18887536,"INTC"
2017-10-05,39.5,39.65,39.21,39.53,17710277,"INTC"
2017-10-04,39.39,39.4,38.86,39.34,28368824,"INTC"
2017-10-03,38.95,39.7,38.95,39.38,34002193,"INTC"
2017-10-02,38.12,39.09,38.08,39.04,37394514,"INTC"
2017-09-29,37.84,38.15,37.7,38.08,23217336,"INTC"
2017-09-28,37.32,37.88,37.29,37.83,21171441,"INTC"
2017-09-27,37.62,37.69,37.1,37.54,25727062,"INTC"
2017-09-26,37.21,37.64,37,37.47,29790369,"INTC"
2017-09-25,37.05,37.23,36.85,37.16,23180838,"INTC"
2017-09-22,36.95,37.22,36.95,37.18,21631754,"INTC"
2017-09-21,36.99,37.27,36.85,37.2,22954158,"INTC"
2017-09-20,37.23,37.29,36.66,37.07,23957476,"INTC"
2017-09-19,37.2,37.3,37.02,37.23,23850525,"INTC"
2017-09-18,37,37.33,36.8,37,19393834,"INTC"
2017-09-15,36.55,37.08,36.22,37,33596072,"INTC"
2017-09-14,36.19,36.7,36.16,36.48,18093946,"INTC"
2017-09-13,36,36.4,35.97,36.33,15509787,"INTC"
2017-09-12,35.88,36.34,35.74,36.09,19489892,"INTC"
2017-09-11,35.49,36,35.14,35.77,20037575,"INTC"
2017-09-08,35.19,35.54,35.08,35.19,14125018,"INTC"
2017-09-07,35.88,35.95,35.33,35.54,16297077,"INTC"
2017-09-06,35.22,35.94,35.11,35.76,28076438,"INTC"
2017-09-05,35.02,35.33,34.93,35.02,19300594,"INTC"
2017-09-01,35.24,35.39,35.07,35.09,12821972,"INTC"
2017-08-31,34.94,35.18,34.87,35.07,16366772,"INTC"
2017-08-30,34.75,34.96,34.63,34.89,18565007,"INTC"
2017-08-29,34.51,34.75,34.46,34.73,15843668,"INTC"
2017-08-28,34.78,34.8,34.59,34.65,20712876,"INTC"
2017-08-25,34.82,34.93,34.58,34.67,14726829,"INTC"
2017-08-24,34.7,34.89,34.55,34.71,14301892,"INTC"
2017-08-23,34.54,34.81,34.38,34.66,19648134,"INTC"
2017-08-22,35.02,35.19,34.62,34.65,26097791,"INTC"
2017-08-21,35.09,35.28,34.7,34.92,26493271,"INTC"
2017-08-18,35.29,35.31,34.99,35.01,16231408,"INTC"
2017-08-17,35.6,35.68,35.17,35.17,19524961,"INTC"
2017-08-16,35.98,36.07,35.56,35.81,22013991,"INTC"
2017-08-15,36.3,36.32,35.82,36,21706563,"INTC"
2017-08-14,36.12,36.47,36.08,36.34,18469448,"INTC"
2017-08-11,36.26,36.4,35.79,35.87,19275060,"INTC"
2017-08-10,36.4,36.56,36.11,36.14,22693316,"INTC"
2017-08-09,36.28,36.66,36.02,36.59,22796797,"INTC"
2017-08-08,36.37,36.7,36.3,36.41,22819871,"INTC"
2017-08-07,36.39,36.55,36.22,36.43,18169335,"INTC"
2017-08-04,36.45,36.56,36.1,36.3,20520301,"INTC"
2017-08-03,36.55,36.59,36.15,36.49,26611347,"INTC"
2017-08-02,36.33,36.67,36.06,36.64,35004283,"INTC"
2017-08-01,35.66,36.43,35.57,36.35,38710244,"INTC"
2017-07-31,35.47,35.74,35.32,35.47,27056989,"INTC"
2017-07-28,35.13,35.86,35,35.31,36291484,"INTC"
2017-07-27,34.78,35.25,34.67,34.97,43062842,"INTC"
2017-07-26,34.7,34.97,34.59,34.75,15499322,"INTC"
2017-07-25,34.55,34.74,34.4,34.67,18096682,"INTC"
2017-07-24,34.73,34.8,34.38,34.5,16146284,"INTC"
2017-07-21,34.54,34.82,34.4,34.73,22245041,"INTC"
2017-07-20,34.54,34.84,34.48,34.75,17506216,"INTC"
2017-07-19,34.68,34.68,34.46,34.56,17036197,"INTC"
2017-07-18,34.43,34.58,34.25,34.53,14362830,"INTC"
2017-07-17,34.74,34.74,34.36,34.47,21044407,"INTC"
2017-07-14,34.48,34.71,34.26,34.68,16316353,"INTC"
2017-07-13,34.33,34.4,34.12,34.24,15046199,"INTC"
2017-07-12,34.28,34.39,33.94,34.25,23768337,"INTC"
2017-07-11,33.64,33.93,33.43,33.92,25737540,"INTC"
2017-07-10,33.25,33.74,33.23,33.65,29918436,"INTC"
2017-07-07,33.7,34.12,33.7,33.88,18304460,"INTC"
2017-07-06,34.12,34.29,33.56,33.63,20733189,"INTC"
2017-07-05,33.52,34.43,33.48,34.34,30010803,"INTC"
2017-07-03,33.51,34.03,33.43,33.46,12676894,"INTC"
2017-06-30,33.87,33.93,33.54,33.74,24432020,"INTC"
2017-06-29,33.92,34.1,33.34,33.54,25215664,"INTC"
2017-06-28,33.77,34.24,33.74,34.2,25940057,"INTC"
2017-06-27,34,34.14,33.65,33.65,27078918,"INTC"
2017-06-26,34.26,34.51,34.03,34.07,18854766,"INTC"
2017-06-23,34.21,34.55,34.1,34.19,29260888,"INTC"
2017-06-22,34.56,34.63,34.29,34.36,24602910,"INTC"
2017-06-21,34.33,34.6,34.09,34.58,27138493,"INTC"
2017-06-20,35.45,35.45,34.84,34.86,21536505,"INTC"
2017-06-19,35.61,35.61,35.32,35.51,21583752,"INTC"
2017-06-16,35.28,35.33,35.01,35.21,30762781,"INTC"
2017-06-15,35.21,35.48,35.14,35.31,20410009,"INTC"
2017-06-14,35.99,36.05,35.22,35.53,19149017,"INTC"
2017-06-13,35.68,35.95,35.53,35.88,20588247,"INTC"
2017-06-12,35.59,36.01,35.41,35.73,28488290,"INTC"
2017-06-09,36.5,36.56,35.31,35.71,33322053,"INTC"
2017-06-08,36.34,36.53,36.16,36.48,17154167,"INTC"
2017-06-07,36.13,36.57,36.1,36.26,17191983,"INTC"
2017-06-06,36.16,36.45,35.98,36.13,18420926,"INTC"
2017-06-05,36.3,36.5,36.2,36.34,11685699,"INTC"
2017-06-02,36.27,36.33,36,36.32,19127420,"INTC"
2017-06-01,36.12,36.13,35.8,36.12,17510915,"INTC"
2017-05-31,36.31,36.38,35.87,36.11,17741896,"INTC"
2017-05-30,36.27,36.44,36.09,36.18,13026915,"INTC"
2017-05-26,36.26,36.33,36.13,36.26,11145523,"INTC"
2017-05-25,36.12,36.39,36.06,36.26,13148542,"INTC"
2017-05-24,35.98,36.18,35.89,36.12,20860257,"INTC"
2017-05-23,35.87,35.99,35.56,35.86,16903704,"INTC"
2017-05-22,35.48,36.11,35.38,35.77,14638066,"INTC"
2017-05-19,35.15,35.55,35.13,35.4,18340127,"INTC"
2017-05-18,35.19,35.47,35.08,35.22,17171872,"INTC"
2017-05-17,35.67,35.99,35.02,35.04,26670188,"INTC"
2017-05-16,35.75,35.89,35.42,35.82,22291843,"INTC"
2017-05-15,35.54,35.72,35.42,35.63,22120137,"INTC"
2017-05-12,35.72,35.74,35.4,35.53,19730842,"INTC"
2017-05-11,35.91,36,35.45,35.69,21508923,"INTC"
2017-05-10,36.27,36.38,35.93,36.01,25133822,"INTC"
2017-05-09,36.48,36.75,36.28,36.37,17819144,"INTC"
2017-05-08,36.73,36.85,36.48,36.54,17660214,"INTC"
2017-05-05,36.86,36.93,36.5,36.82,18119243,"INTC"
2017-05-04,36.99,37.11,36.64,36.85,16437088,"INTC"
2017-05-03,36.72,37.17,36.62,36.98,22040256,"INTC"
2017-05-02,36.37,37.03,36.35,36.97,35813021,"INTC"
2017-05-01,36.11,36.4,35.94,36.31,24825614,"INTC"
2017-04-28,36.1,36.48,35.88,36.15,56769258,"INTC"
2017-04-27,36.87,37.5,36.78,37.43,39889967,"INTC"
2017-04-26,36.78,37.23,36.78,36.93,27240993,"INTC"
2017-04-25,36.77,37,36.66,36.87,22066776,"INTC"
2017-04-24,36.67,36.85,36.46,36.75,26305762,"INTC"
2017-04-21,36.2,36.42,35.85,36.32,20390513,"INTC"
2017-04-20,36.18,36.27,35.86,36.18,22968262,"INTC"
2017-04-19,35.97,36.22,35.89,35.91,16594635,"INTC"
2017-04-18,35.43,35.81,35.3,35.76,12321050,"INTC"
2017-04-17,35.44,35.59,35.33,35.48,12560746,"INTC"
2017-04-13,35.55,35.76,35.25,35.25,15763996,"INTC"
2017-04-12,35.87,36.01,35.5,35.63,19289787,"INTC"
2017-04-11,35.77,35.79,35.21,35.74,22711830,"INTC"
2017-04-10,36.02,36.09,35.61,35.8,19973723,"INTC"
2017-04-07,36.07,36.32,35.98,36.03,15689513,"INTC"
2017-04-06,36.13,36.28,36.03,36.03,20198223,"INTC"
2017-04-05,36.43,36.76,36.17,36.22,22455525,"INTC"
2017-04-04,36.12,36.38,35.99,36.28,18918045,"INTC"
2017-04-03,36.19,36.74,36.12,36.16,32013641,"INTC"
2017-03-31,35.75,36.25,35.74,36.07,21438385,"INTC"
2017-03-30,35.58,35.89,35.52,35.75,16432950,"INTC"
2017-03-29,35.52,35.7,35.44,35.57,17202642,"INTC"
2017-03-28,35.34,35.71,35.21,35.6,18398148,"INTC"
2017-03-27,35.07,35.5,34.94,35.39,16992235,"INTC"
2017-03-24,35.65,35.73,35.12,35.16,22187960,"INTC"
2017-03-23,35.49,35.49,35.02,35.27,20640352,"INTC"
2017-03-22,35.22,35.46,35,35.37,19144498,"INTC"
2017-03-21,35.59,35.6,35,35.04,22814547,"INTC"
2017-03-20,35.37,35.63,35.26,35.43,17322274,"INTC"
2017-03-17,35.31,35.33,35.1,35.27,30778867,"INTC"
2017-03-16,35.17,35.36,35.07,35.14,19616053,"INTC"
2017-03-15,34.94,35.17,34.68,35.1,27996095,"INTC"
2017-03-14,35.06,35.23,34.66,35.18,28586871,"INTC"
2017-03-13,35.85,36.04,34.94,35.16,53582931,"INTC"
2017-03-10,36.12,36.3,35.78,35.91,25402348,"INTC"
2017-03-09,35.6,35.94,35.5,35.82,23616786,"INTC"
2017-03-08,35.67,35.9,35.52,35.62,20920148,"INTC"
2017-03-07,35.54,35.8,35.38,35.8,23434893,"INTC"
2017-03-06,35.79,35.8,35.42,35.57,24416732,"INTC"
2017-03-03,35.94,36.08,35.67,35.9,17540896,"INTC"
2017-03-02,35.93,36.02,35.65,35.91,23602100,"INTC"
2017-03-01,35.85,36.1,35.44,35.93,34085869,"INTC"
2017-02-28,36.42,36.46,36,36.2,24977011,"INTC"
2017-02-27,36.42,36.68,36.27,36.51,14065236,"INTC"
2017-02-24,36.14,36.53,35.95,36.53,18617592,"INTC"
2017-02-23,36.24,36.3,35.9,36.18,22774979,"INTC"
2017-02-22,36.34,36.4,35.79,36.07,29904370,"INTC"
2017-02-21,36.53,36.65,36.33,36.52,20556017,"INTC"
2017-02-17,36.32,36.48,36.1,36.48,18909888,"INTC"
2017-02-16,36.18,36.56,36.1,36.41,21317455,"INTC"
2017-02-15,35.98,36.06,35.67,36.05,18452197,"INTC"
2017-02-14,35.84,35.96,35.53,35.93,25734801,"INTC"
2017-02-13,35.57,35.85,35.34,35.8,28180550,"INTC"
2017-02-10,35.26,35.43,34.84,35.34,44106523,"INTC"
2017-02-09,36.5,36.5,35.4,35.46,47802687,"INTC"
2017-02-08,36.34,36.65,36.14,36.38,20807358,"INTC"
2017-02-07,36.45,36.52,36.24,36.35,18581866,"INTC"
2017-02-06,36.51,36.51,36.15,36.27,21426961,"INTC"
2017-02-03,36.69,36.82,36.45,36.52,21038146,"INTC"
2017-02-02,36.26,36.7,36.2,36.68,31916939,"INTC"
2017-02-01,36.82,36.95,36.02,36.52,28380640,"INTC"
2017-01-31,37.22,37.37,36.64,36.82,27059084,"INTC"
2017-01-30,37.74,37.84,37.33,37.42,23954716,"INTC"
2017-01-27,38,38.45,37.81,37.98,44368566,"INTC"
2017-01-26,37.82,37.92,37.42,37.56,34144843,"INTC"
2017-01-25,37.87,38,37.52,37.8,32357313,"INTC"
2017-01-24,36.84,37.74,36.81,37.62,35140871,"INTC"
2017-01-23,37.07,37.21,36.55,36.77,27752565,"INTC"
2017-01-20,36.76,37.03,36.58,36.94,23950936,"INTC"
2017-01-19,36.51,36.91,36.51,36.57,13654522,"INTC"
2017-01-18,36.89,37.01,36.61,36.76,15382452,"INTC"
2017-01-17,36.67,36.83,36.59,36.8,20195202,"INTC"
2017-01-13,36.71,36.86,36.62,36.79,15072235,"INTC"
2017-01-12,36.83,36.83,36.32,36.71,20391946,"INTC"
2017-01-11,36.51,37,36.51,36.95,22398426,"INTC"
2017-01-10,36.55,36.93,36.53,36.54,15918766,"INTC"
2017-01-09,36.48,36.88,36.48,36.61,19461422,"INTC"
2017-01-06,36.59,36.68,36.19,36.48,15113998,"INTC"
2017-01-05,36.45,36.72,36.3,36.35,13986002,"INTC"
2017-01-04,36.71,36.77,36.34,36.41,15915729,"INTC"
2017-01-03,36.61,36.93,36.27,36.6,20196466,"INTC"
2016-12-30,36.79,36.8,36.2,36.27,17467984,"INTC"
2016-12-29,36.51,36.72,36.43,36.66,8447998,"INTC"
2016-12-28,37.1,37.2,36.58,36.63,12868584,"INTC"
2016-12-27,36.91,37.33,36.91,37.07,9033706,"INTC"
2016-12-23,36.93,36.98,36.77,36.97,6287281,"INTC"
2016-12-22,37.23,37.24,36.81,36.93,10793879,"INTC"
2016-12-21,37.25,37.34,36.91,36.98,14323574,"INTC"
2016-12-20,36.95,37.24,36.89,37.21,18551844,"INTC"
2016-12-19,36.34,36.95,36.27,36.89,18744306,"INTC"
2016-12-16,36.72,36.87,36.08,36.31,38212824,"INTC"
2016-12-15,36.74,37.16,36.53,36.79,23721538,"INTC"
2016-12-14,36.7,36.89,36.46,36.55,30819365,"INTC"
2016-12-13,36.01,36.89,35.93,36.8,35773592,"INTC"
2016-12-12,35.78,36.09,35.67,35.97,21985830,"INTC"
2016-12-09,35.75,35.9,35.59,35.76,16326925,"INTC"
2016-12-08,35.48,36.03,35.22,35.7,19966537,"INTC"
2016-12-07,34.67,35.57,34.45,35.5,21710273,"INTC"
2016-12-06,34.39,34.75,34.3,34.72,15297703,"INTC"
2016-12-05,34.31,34.42,33.96,34.39,14461972,"INTC"
2016-12-02,33.72,34.26,33.6,34.16,21492534,"INTC"
2016-12-01,34.86,34.93,33.56,33.76,29618687,"INTC"
2016-11-30,35.2,35.3,34.7,34.7,27016070,"INTC"
2016-11-29,35.64,35.64,35.27,35.31,19581040,"INTC"
2016-11-28,35.43,35.66,35.21,35.51,13549048,"INTC"
2017-11-24,12.67,13.02,12.67,12.97,12772779,"SNAP"
2017-11-22,12.35,12.64,12.35,12.62,14022076,"SNAP"
2017-11-21,12.52,12.59,12.32,12.34,19010319,"SNAP"
2017-11-20,13.1,13.11,12.29,12.41,30676066,"SNAP"
2017-11-17,12.6,13.01,12.51,12.99,17563767,"SNAP"
2017-11-16,12.5,12.68,12.38,12.56,15701689,"SNAP"
2017-11-15,12.32,12.75,12.17,12.46,14410375,"SNAP"
2017-11-14,12.41,12.7,12.25,12.57,13962597,"SNAP"
2017-11-13,12.83,12.95,12.35,12.4,19251268,"SNAP"
2017-11-10,12.5,12.84,12.31,12.76,32141043,"SNAP"
2017-11-09,12.64,12.74,12.23,12.38,51695840,"SNAP"
2017-11-08,13.47,14.09,12.1,12.91,162744709,"SNAP"
2017-11-07,14.87,15.53,14.73,15.12,40978251,"SNAP"
2017-11-06,15.19,15.29,14.8,14.83,17736885,"SNAP"
2017-11-03,14.64,15.28,14.6,15.27,12784357,"SNAP"
2017-11-02,14.45,14.87,14.4,14.55,11810548,"SNAP"
2017-11-01,15.45,15.52,14.39,14.51,20443841,"SNAP"
2017-10-31,15.65,15.73,15.17,15.34,13008916,"SNAP"
2017-10-30,15.13,16.27,15.05,15.68,23657796,"SNAP"
2017-10-27,14.27,15.48,14.22,15.44,23767576,"SNAP"
2017-10-26,14.35,14.76,14.11,14.39,17071219,"SNAP"
2017-10-25,14.7,14.93,13.96,14.16,22943880,"SNAP"
2017-10-24,14.87,15.08,14.58,14.59,15448258,"SNAP"
2017-10-23,15.58,15.69,14.89,14.97,19585379,"SNAP"
2017-10-20,15.39,15.57,15.21,15.56,12876979,"SNAP"
2017-10-19,15.47,15.59,15.18,15.25,19244600,"SNAP"
2017-10-18,16.3,16.35,15.69,15.75,18329969,"SNAP"
2017-10-17,16.29,16.61,16.05,16.09,15090970,"SNAP"
2017-10-16,16.68,16.73,15.91,16.07,20894928,"SNAP"
2017-10-13,16.48,16.88,16.22,16.5,24513431,"SNAP"
2017-10-12,16.07,16.86,15.82,16.55,63193078,"SNAP"
2017-10-11,14.64,14.87,14.54,14.56,5033015,"SNAP"
2017-10-10,14.71,14.87,14.32,14.34,13775068,"SNAP"
2017-10-09,14.81,14.92,14.67,14.71,9183338,"SNAP"
2017-10-06,14.38,14.84,14.32,14.79,11941136,"SNAP"
2017-10-05,14.3,14.56,14.1,14.48,13162735,"SNAP"
2017-10-04,14.84,14.9,14.35,14.53,15687480,"SNAP"
2017-10-03,14.87,15.1,14.59,14.64,16753837,"SNAP"
2017-10-02,14.6,15.04,14.4,14.88,21212148,"SNAP"
2017-09-29,14.43,14.7,14.3,14.54,20577671,"SNAP"
2017-09-28,14.2,14.59,13.97,14.45,17561111,"SNAP"
2017-09-27,14,14.25,13.82,14.12,16641492,"SNAP"
2017-09-26,13.33,13.98,13.3,13.91,20062271,"SNAP"
2017-09-25,13.5,13.51,13.07,13.22,18483909,"SNAP"
2017-09-22,13.72,13.92,13.62,13.7,12309753,"SNAP"
2017-09-21,13.99,14.11,13.51,13.77,25231686,"SNAP"
2017-09-20,14.68,14.7,14.05,14.16,24856596,"SNAP"
2017-09-19,14.9,14.9,14.46,14.72,23447127,"SNAP"
2017-09-18,15.32,15.33,14.81,14.92,20935098,"SNAP"
2017-09-15,14.99,15.31,14.93,15.25,34145892,"SNAP"
2017-09-14,14.95,15.18,14.82,14.91,16333746,"SNAP"
2017-09-13,15.2,15.33,14.86,15.03,24125666,"SNAP"
2017-09-12,15.25,15.75,15.01,15.13,48940495,"SNAP"
2017-09-11,15.25,15.57,14.89,15.27,32998892,"SNAP"
2017-09-08,15.17,15.8,15.1,15.34,36588463,"SNAP"
2017-09-07,14.43,15.58,14.4,15.15,45555411,"SNAP"
2017-09-06,14.42,14.54,14.17,14.5,23117196,"SNAP"
2017-09-05,14.28,14.57,14.08,14.49,21338887,"SNAP"
2017-09-01,14.5,14.5,14.01,14.27,26055749,"SNAP"
2017-08-31,14.98,15.05,14.51,14.51,23084722,"SNAP"
2017-08-30,14.92,15.11,14.76,14.96,22479225,"SNAP"
2017-08-29,15.05,15.31,14.88,14.99,20725594,"SNAP"
2017-08-28,14.8,15.26,14.77,15.19,28018988,"SNAP"
2017-08-25,14.62,14.85,14.45,14.78,23066766,"SNAP"
2017-08-24,15.24,15.34,14.43,14.53,30674563,"SNAP"
2017-08-23,14.55,15.13,14.38,15.09,65743141,"SNAP"
2017-08-22,13.85,14.56,13.81,14.53,38183027,"SNAP"
2017-08-21,14.27,14.59,13.35,13.58,44263525,"SNAP"
2017-08-18,13.3,14.25,13.26,14.01,46204708,"SNAP"
2017-08-17,12.95,13.5,12.95,13.35,36194310,"SNAP"
2017-08-16,12.5,13.25,12.48,13.12,33264924,"SNAP"
2017-08-15,13.05,13.3,12.66,12.74,43528305,"SNAP"
2017-08-14,11.49,13.14,11.28,12.6,84794870,"SNAP"
2017-08-11,12,12.34,11.77,11.83,83853248,"SNAP"
2017-08-10,13.58,13.96,13.26,13.77,57716499,"SNAP"
2017-08-09,12.96,13.65,12.78,13.56,26831893,"SNAP"
2017-08-08,13.28,13.29,12.82,13.02,30037638,"SNAP"
2017-08-07,13.86,14.06,13.24,13.39,34037655,"SNAP"
2017-08-04,13.17,13.7,12.83,13.52,53080707,"SNAP"
2017-08-03,12.65,13.15,11.9,12.93,61533506,"SNAP"
2017-08-02,13.22,13.25,12.52,12.65,25294742,"SNAP"
2017-08-01,13.77,13.77,13.07,13.1,27629924,"SNAP"
2017-07-31,NA,13.98,NA,13.67,48964556,"SNAP"
2017-07-28,13.9,14.03,13.5,13.81,16735539,"SNAP"
2017-07-27,13.15,14.1,13.14,14,27167855,"SNAP"
2017-07-26,13.74,13.82,13.4,13.4,21614399,"SNAP"
2017-07-25,14.06,14.11,13.65,13.89,15148893,"SNAP"
2017-07-24,14.45,14.48,14.02,14.08,14763826,"SNAP"
2017-07-21,14.8,14.84,14.34,14.48,14252724,"SNAP"
2017-07-20,15.05,15.14,14.72,14.89,11870198,"SNAP"
2017-07-19,14.86,15.24,14.8,14.97,14394582,"SNAP"
2017-07-18,15.17,15.25,14.63,14.73,19933981,"SNAP"
2017-07-17,15.3,15.43,15.12,15.13,13289636,"SNAP"
2017-07-14,15.44,15.59,15.26,15.27,14645605,"SNAP"
2017-07-13,15.78,15.97,15.56,15.69,21598350,"SNAP"
2017-07-12,15.54,15.75,15.21,15.24,19528366,"SNAP"
2017-07-11,16.33,16.36,15.44,15.47,41936333,"SNAP"
2017-07-10,17.16,17.21,16.95,16.99,8566640,"SNAP"
2017-07-07,17.33,17.38,17.15,17.18,4546654,"SNAP"
2017-07-06,17.25,17.38,17.24,17.31,6191798,"SNAP"
2017-07-05,17.57,17.59,17.22,17.32,6042612,"SNAP"
2017-07-03,17.91,17.92,17.45,17.59,3285663,"SNAP"
2017-06-30,18.03,18.08,17.62,17.77,5993751,"SNAP"
2017-06-29,17.69,18.13,17.67,17.89,12193935,"SNAP"
2017-06-28,17.34,17.78,17.33,17.76,10456962,"SNAP"
2017-06-27,17.21,17.48,17.2,17.34,7718562,"SNAP"
2017-06-26,17.7,17.73,17.23,17.29,9873280,"SNAP"
2017-06-23,17.82,17.82,17.47,17.54,7083637,"SNAP"
2017-06-22,17.45,17.8,17.21,17.64,9873476,"SNAP"
2017-06-21,17.27,17.43,17.13,17.27,8711473,"SNAP"
2017-06-20,17.82,17.89,17.23,17.31,13960967,"SNAP"
2017-06-19,17.85,18.34,17.03,17.88,28862728,"SNAP"
2017-06-16,17.14,17.88,17,17.54,18955724,"SNAP"
2017-06-15,17.72,17.75,17,17,22971179,"SNAP"
2017-06-14,18.25,18.29,17.76,17.88,9455240,"SNAP"
2017-06-13,18.38,18.58,18.08,18.1,11899206,"SNAP"
2017-06-12,18.05,18.43,17.56,18.2,16172929,"SNAP"
2017-06-09,18.41,18.46,17.88,18.08,31118878,"SNAP"
2017-06-08,19.4,19.4,18.18,18.85,32644868,"SNAP"
2017-06-07,20.37,20.49,19.45,19.56,16976983,"SNAP"
2017-06-06,20.22,20.44,20.13,20.36,6666421,"SNAP"
2017-06-05,20.52,20.89,20.14,20.21,15225105,"SNAP"
2017-06-02,21.34,21.45,21,21.09,9595392,"SNAP"
2017-06-01,21.32,21.45,21.19,21.34,7146544,"SNAP"
2017-05-31,21.5,21.75,21.09,21.21,9507158,"SNAP"
2017-05-30,21.3,21.58,21.01,21.45,9509369,"SNAP"
2017-05-26,21.66,21.7,21.07,21.22,13374035,"SNAP"
2017-05-25,20.16,21.94,20.11,21.93,24325952,"SNAP"
2017-05-24,20.2,20.62,20,20.53,13810427,"SNAP"
2017-05-23,20.14,20.3,19.9,20.03,8239193,"SNAP"
2017-05-22,20.14,20.34,20.01,20.08,9151936,"SNAP"
2017-05-19,20.42,20.64,19.93,20,18960743,"SNAP"
2017-05-18,19.86,20.58,19.86,20.27,16005035,"SNAP"
2017-05-17,20.56,20.59,19.69,19.9,29254481,"SNAP"
2017-05-16,20.54,20.88,20.15,20.78,41017368,"SNAP"
2017-05-15,19.57,20.95,19.49,20.74,69830020,"SNAP"
2017-05-12,18.44,19.48,18.16,19.14,68971017,"SNAP"
2017-05-11,17.96,18.9,17.59,18.05,131859462,"SNAP"
2017-05-10,23.11,23.32,22.87,22.98,47513215,"SNAP"
2017-05-09,22.7,23.44,22.68,23.32,17934983,"SNAP"
2017-05-08,23.17,23.57,22.23,22.46,18088030,"SNAP"
2017-05-05,23.08,23.25,22.51,23.19,12833904,"SNAP"
2017-05-04,22.18,23.22,21.9,22.59,19005421,"SNAP"
2017-05-03,21.8,22.21,21.63,21.82,7074347,"SNAP"
2017-05-02,22.37,22.37,21.75,21.99,8135878,"SNAP"
2017-05-01,22.66,22.84,22.11,22.21,7959265,"SNAP"
2017-04-28,22.05,22.59,22.01,22.55,9031607,"SNAP"
2017-04-27,21.58,22.12,21.58,22.01,10764391,"SNAP"
2017-04-26,21.25,21.65,21.08,21.58,10141339,"SNAP"
2017-04-25,21.08,21.4,20.56,21.34,9588043,"SNAP"
2017-04-24,21.2,21.3,21.01,21.2,5928215,"SNAP"
2017-04-21,21.37,21.49,20.71,20.93,7742074,"SNAP"
2017-04-20,20.63,21.26,20.62,21.15,10025578,"SNAP"
2017-04-19,20.5,20.91,20.41,20.62,8737757,"SNAP"
2017-04-18,19.83,20.89,19.73,20.55,15974661,"SNAP"
2017-04-17,20.09,20.21,19.8,19.94,11714666,"SNAP"
2017-04-13,20.2,20.37,19.81,20.19,13600361,"SNAP"
2017-04-12,20.7,20.83,20.18,20.22,9362568,"SNAP"
2017-04-11,21.01,21.2,20.34,20.7,13310727,"SNAP"
2017-04-10,21.09,21.27,20.7,20.97,8629845,"SNAP"
2017-04-07,20.68,21.08,20.6,20.82,10580926,"SNAP"
2017-04-06,20.76,20.76,20.03,20.57,21933897,"SNAP"
2017-04-05,22.15,22.22,20.67,20.7,26099307,"SNAP"
2017-04-04,22.21,22.67,21.88,22.14,16313506,"SNAP"
2017-04-03,22.7,22.9,22.11,22.35,12521294,"SNAP"
2017-03-31,22.05,22.62,22,22.53,15087074,"SNAP"
2017-03-30,22.55,22.85,22,22.23,17094311,"SNAP"
2017-03-29,21.77,22.71,21.33,22.55,31475593,"SNAP"
2017-03-28,23.31,23.36,22.17,22.21,49889866,"SNAP"
2017-03-27,23.09,24.4,22.6,23.83,48398210,"SNAP"
2017-03-24,23.05,23.1,22.34,22.74,17263232,"SNAP"
2017-03-23,22.69,23.3,22.22,23.13,40645418,"SNAP"
2017-03-22,20.65,22.25,20.52,21.82,47599301,"SNAP"
2017-03-21,20.04,20.54,19.55,20.38,20080142,"SNAP"
2017-03-20,19.94,20.43,19.72,19.93,21016038,"SNAP"
2017-03-17,19.8,19.85,18.9,19.54,34251973,"SNAP"
2017-03-16,20.65,20.69,19.75,19.89,25630157,"SNAP"
2017-03-15,20.08,21.4,20.05,20.77,24985920,"SNAP"
2017-03-14,20.9,20.98,20.15,20.58,20033167,"SNAP"
2017-03-13,22.05,22.15,20.96,21.09,20605862,"SNAP"
2017-03-10,23.36,23.4,22,22.07,18337600,"SNAP"
2017-03-09,23.15,23.68,22.51,22.71,25803174,"SNAP"
2017-03-08,22.03,23.43,21.31,22.81,49834423,"SNAP"
2017-03-07,22.21,22.5,20.64,21.44,71899652,"SNAP"
2017-03-06,28.17,28.25,23.77,23.77,72938848,"SNAP"
2017-03-03,26.39,29.44,26.06,27.09,148227379,"SNAP"
2017-03-02,24,26.05,23.5,24.48,217109769,"SNAP"
